,Date,Sunrise,Sunset,Daylength
0,11/17/2021,06:21:29 AM,04:41:21 PM,10h 19m 52s
1,11/18/2021,06:22:25 AM,04:40:52 PM,10h 18m 27s
2,11/19/2021,06:23:21 AM,04:40:25 PM,10h 17m 4s
3,11/20/2021,06:24:17 AM,04:39:59 PM,10h 15m 42s
4,11/21/2021,06:25:12 AM,04:39:35 PM,10h 14m 23s
5,11/22/2021,06:26:08 AM,04:39:14 PM,10h 13m 6s
6,11/23/2021,06:27:03 AM,04:38:53 PM,10h 11m 50s
7,11/24/2021,06:27:57 AM,04:38:35 PM,10h 10m 38s
8,11/25/2021,06:28:52 AM,04:38:19 PM,10h 9m 27s
9,11/26/2021,06:29:45 AM,04:38:04 PM,10h 8m 19s
10,11/27/2021,06:30:39 AM,04:37:51 PM,10h 7m 12s
11,11/28/2021,06:31:32 AM,04:37:41 PM,10h 6m 9s
12,11/29/2021,06:32:24 AM,04:37:32 PM,10h 5m 8s
13,11/30/2021,06:33:16 AM,04:37:25 PM,10h 4m 9s
14,12/01/2021,06:34:07 AM,04:37:19 PM,10h 3m 12s
15,12/02/2021,06:34:58 AM,04:37:16 PM,10h 2m 18s
16,12/03/2021,06:35:48 AM,04:37:15 PM,10h 1m 27s
17,12/04/2021,06:36:37 AM,04:37:15 PM,10h 0m 38s
18,12/05/2021,06:37:25 AM,04:37:18 PM,9h 59m 53s
19,12/06/2021,06:38:12 AM,04:37:22 PM,9h 59m 10s
20,12/07/2021,06:38:59 AM,04:37:28 PM,9h 58m 29s
21,12/08/2021,06:39:44 AM,04:37:36 PM,9h 57m 52s
22,12/09/2021,06:40:29 AM,04:37:46 PM,9h 57m 17s
23,12/10/2021,06:41:12 AM,04:37:58 PM,9h 56m 46s
24,12/11/2021,06:41:55 AM,04:38:12 PM,9h 56m 17s
25,12/12/2021,06:42:36 AM,04:38:27 PM,9h 55m 51s
26,12/13/2021,06:43:16 AM,04:38:44 PM,9h 55m 28s
27,12/14/2021,06:43:55 AM,04:39:03 PM,9h 55m 8s
28,12/15/2021,06:44:32 AM,04:39:24 PM,9h 54m 52s
29,12/16/2021,06:45:08 AM,04:39:46 PM,9h 54m 38s
30,12/17/2021,06:45:43 AM,04:40:10 PM,9h 54m 27s
31,12/18/2021,06:46:17 AM,04:40:36 PM,9h 54m 19s
32,12/19/2021,06:46:49 AM,04:41:04 PM,9h 54m 15s
33,12/20/2021,06:47:19 AM,04:41:33 PM,9h 54m 14s
34,12/21/2021,06:47:48 AM,04:42:03 PM,9h 54m 15s
35,12/22/2021,06:48:16 AM,04:42:36 PM,9h 54m 20s
36,12/23/2021,06:48:42 AM,04:43:09 PM,9h 54m 27s
37,12/24/2021,06:49:06 AM,04:43:44 PM,9h 54m 38s
38,12/25/2021,06:49:29 AM,04:44:21 PM,9h 54m 52s
39,12/26/2021,06:49:50 AM,04:44:59 PM,9h 55m 9s
40,12/27/2021,06:50:09 AM,04:45:38 PM,9h 55m 29s
41,12/28/2021,06:50:27 AM,04:46:19 PM,9h 55m 52s
42,12/29/2021,06:50:43 AM,04:47:01 PM,9h 56m 18s
43,12/30/2021,06:50:57 AM,04:47:44 PM,9h 56m 47s
44,12/31/2021,06:51:09 AM,04:48:28 PM,9h 57m 19s
45,01/01/2022,06:51:20 AM,04:49:13 PM,9h 57m 53s
46,01/02/2022,06:51:29 AM,04:50:00 PM,9h 58m 31s
47,01/03/2022,06:51:36 AM,04:50:47 PM,9h 59m 11s
48,01/04/2022,06:51:41 AM,04:51:36 PM,9h 59m 55s
49,01/05/2022,06:51:44 AM,04:52:25 PM,10h 0m 41s
50,01/06/2022,06:51:46 AM,04:53:16 PM,10h 1m 30s
51,01/07/2022,06:51:45 AM,04:54:07 PM,10h 2m 22s
52,01/08/2022,06:51:43 AM,04:54:59 PM,10h 3m 16s
53,01/09/2022,06:51:39 AM,04:55:52 PM,10h 4m 13s
54,01/10/2022,06:51:33 AM,04:56:45 PM,10h 5m 12s
55,01/11/2022,06:51:25 AM,04:57:39 PM,10h 6m 14s
56,01/12/2022,06:51:16 AM,04:58:34 PM,10h 7m 18s
57,01/13/2022,06:51:04 AM,04:59:29 PM,10h 8m 25s
58,01/14/2022,06:50:51 AM,05:00:25 PM,10h 9m 34s
59,01/15/2022,06:50:36 AM,05:01:21 PM,10h 10m 45s
60,01/16/2022,06:50:19 AM,05:02:18 PM,10h 11m 59s
61,01/17/2022,06:50:00 AM,05:03:15 PM,10h 13m 15s
62,01/18/2022,06:49:39 AM,05:04:13 PM,10h 14m 34s
63,01/19/2022,06:49:17 AM,05:05:11 PM,10h 15m 54s
64,01/20/2022,06:48:53 AM,05:06:09 PM,10h 17m 16s
65,01/21/2022,06:48:27 AM,05:07:07 PM,10h 18m 40s
66,01/22/2022,06:47:59 AM,05:08:05 PM,10h 20m 6s
67,01/23/2022,06:47:30 AM,05:09:04 PM,10h 21m 34s
68,01/24/2022,06:46:59 AM,05:10:03 PM,10h 23m 4s
69,01/25/2022,06:46:26 AM,05:11:02 PM,10h 24m 36s
70,01/26/2022,06:45:52 AM,05:12:01 PM,10h 26m 9s
71,01/27/2022,06:45:16 AM,05:12:59 PM,10h 27m 43s
72,01/28/2022,06:44:38 AM,05:13:58 PM,10h 29m 20s
73,01/29/2022,06:43:59 AM,05:14:57 PM,10h 30m 58s
74,01/30/2022,06:43:18 AM,05:15:56 PM,10h 32m 38s
75,01/31/2022,06:42:36 AM,05:16:55 PM,10h 34m 19s
76,02/01/2022,06:41:52 AM,05:17:53 PM,10h 36m 1s
77,02/02/2022,06:41:06 AM,05:18:52 PM,10h 37m 46s
78,02/03/2022,06:40:20 AM,05:19:50 PM,10h 39m 30s
79,02/04/2022,06:39:31 AM,05:20:48 PM,10h 41m 17s
80,02/05/2022,06:38:42 AM,05:21:46 PM,10h 43m 4s
81,02/06/2022,06:37:51 AM,05:22:44 PM,10h 44m 53s
82,02/07/2022,06:36:58 AM,05:23:41 PM,10h 46m 43s
83,02/08/2022,06:36:05 AM,05:24:38 PM,10h 48m 33s
84,02/09/2022,06:35:10 AM,05:25:35 PM,10h 50m 25s
85,02/10/2022,06:34:13 AM,05:26:32 PM,10h 52m 19s
86,02/11/2022,06:33:16 AM,05:27:28 PM,10h 54m 12s
87,02/12/2022,06:32:17 AM,05:28:24 PM,10h 56m 7s
88,02/13/2022,06:31:17 AM,05:29:20 PM,10h 58m 3s
89,02/14/2022,06:30:16 AM,05:30:15 PM,10h 59m 59s
90,02/15/2022,06:29:14 AM,05:31:10 PM,11h 1m 56s
91,02/16/2022,06:28:11 AM,05:32:05 PM,11h 3m 54s
92,02/17/2022,06:27:07 AM,05:32:59 PM,11h 5m 52s
93,02/18/2022,06:26:02 AM,05:33:53 PM,11h 7m 51s
94,02/19/2022,06:24:56 AM,05:34:47 PM,11h 9m 51s
95,02/20/2022,06:23:49 AM,05:35:40 PM,11h 11m 51s
96,02/21/2022,06:22:40 AM,05:36:33 PM,11h 13m 53s
97,02/22/2022,06:21:32 AM,05:37:26 PM,11h 15m 54s
98,02/23/2022,06:20:22 AM,05:38:18 PM,11h 17m 56s
99,02/24/2022,06:19:11 AM,05:39:10 PM,11h 19m 59s
100,02/25/2022,06:18:00 AM,05:40:02 PM,11h 22m 2s
101,02/26/2022,06:16:47 AM,05:40:53 PM,11h 24m 6s
102,02/27/2022,06:15:34 AM,05:41:44 PM,11h 26m 10s
103,02/28/2022,06:14:21 AM,05:42:34 PM,11h 28m 13s
104,03/01/2022,06:13:07 AM,05:43:25 PM,11h 30m 18s
105,03/02/2022,06:11:52 AM,05:44:15 PM,11h 32m 23s
106,03/03/2022,06:10:36 AM,05:45:04 PM,11h 34m 28s
107,03/04/2022,06:09:20 AM,05:45:53 PM,11h 36m 33s
108,03/05/2022,06:08:03 AM,05:46:43 PM,11h 38m 40s
109,03/06/2022,06:06:46 AM,05:47:31 PM,11h 40m 45s
110,03/07/2022,06:05:28 AM,05:48:20 PM,11h 42m 52s
111,03/08/2022,06:04:10 AM,05:49:08 PM,11h 44m 58s
112,03/09/2022,06:02:51 AM,05:49:56 PM,11h 47m 5s
113,03/10/2022,06:01:32 AM,05:50:43 PM,11h 49m 11s
114,03/11/2022,06:00:13 AM,05:51:31 PM,11h 51m 18s
115,03/12/2022,05:58:53 AM,05:52:18 PM,11h 53m 25s
116,03/13/2022,06:57:37 AM,06:53:03 PM,11h 55m 26s
117,03/14/2022,06:56:16 AM,06:53:50 PM,11h 57m 34s
118,03/15/2022,06:54:56 AM,06:54:36 PM,11h 59m 40s
119,03/16/2022,06:53:35 AM,06:55:23 PM,12h 1m 48s
120,03/17/2022,06:52:14 AM,06:56:09 PM,12h 3m 55s
121,03/18/2022,06:50:53 AM,06:56:55 PM,12h 6m 2s
122,03/19/2022,06:49:32 AM,06:57:41 PM,12h 8m 9s
123,03/20/2022,06:48:10 AM,06:58:27 PM,12h 10m 17s
124,03/21/2022,06:46:49 AM,06:59:12 PM,12h 12m 23s
125,03/22/2022,06:45:28 AM,06:59:58 PM,12h 14m 30s
126,03/23/2022,06:44:06 AM,07:00:43 PM,12h 16m 37s
127,03/24/2022,06:42:45 AM,07:01:28 PM,12h 18m 43s
128,03/25/2022,06:41:23 AM,07:02:14 PM,12h 20m 51s
129,03/26/2022,06:40:02 AM,07:02:59 PM,12h 22m 57s
130,03/27/2022,06:38:41 AM,07:03:44 PM,12h 25m 3s
131,03/28/2022,06:37:19 AM,07:04:29 PM,12h 27m 10s
132,03/29/2022,06:35:58 AM,07:05:14 PM,12h 29m 16s
133,03/30/2022,06:34:38 AM,07:05:59 PM,12h 31m 21s
134,03/31/2022,06:33:17 AM,07:06:44 PM,12h 33m 27s
135,04/01/2022,06:31:57 AM,07:07:29 PM,12h 35m 32s
136,04/02/2022,06:30:37 AM,07:08:14 PM,12h 37m 37s
137,04/03/2022,06:29:17 AM,07:08:58 PM,12h 39m 41s
138,04/04/2022,06:27:57 AM,07:09:43 PM,12h 41m 46s
139,04/05/2022,06:26:38 AM,07:10:28 PM,12h 43m 50s
140,04/06/2022,06:25:20 AM,07:11:13 PM,12h 45m 53s
141,04/07/2022,06:24:01 AM,07:11:58 PM,12h 47m 57s
142,04/08/2022,06:22:43 AM,07:12:43 PM,12h 50m 0s
143,04/09/2022,06:21:26 AM,07:13:29 PM,12h 52m 3s
144,04/10/2022,06:20:09 AM,07:14:14 PM,12h 54m 5s
145,04/11/2022,06:18:53 AM,07:14:59 PM,12h 56m 6s
146,04/12/2022,06:17:37 AM,07:15:44 PM,12h 58m 7s
147,04/13/2022,06:16:22 AM,07:16:30 PM,13h 0m 8s
148,04/14/2022,06:15:07 AM,07:17:15 PM,13h 2m 8s
149,04/15/2022,06:13:53 AM,07:18:01 PM,13h 4m 8s
150,04/16/2022,06:12:40 AM,07:18:46 PM,13h 6m 6s
151,04/17/2022,06:11:28 AM,07:19:32 PM,13h 8m 4s
152,04/18/2022,06:10:16 AM,07:20:18 PM,13h 10m 2s
153,04/19/2022,06:09:05 AM,07:21:03 PM,13h 11m 58s
154,04/20/2022,06:07:54 AM,07:21:49 PM,13h 13m 55s
155,04/21/2022,06:06:45 AM,07:22:35 PM,13h 15m 50s
156,04/22/2022,06:05:36 AM,07:23:21 PM,13h 17m 45s
157,04/23/2022,06:04:28 AM,07:24:07 PM,13h 19m 39s
158,04/24/2022,06:03:21 AM,07:24:54 PM,13h 21m 33s
159,04/25/2022,06:02:15 AM,07:25:40 PM,13h 23m 25s
160,04/26/2022,06:01:10 AM,07:26:26 PM,13h 25m 16s
161,04/27/2022,06:00:06 AM,07:27:12 PM,13h 27m 6s
162,04/28/2022,05:59:03 AM,07:27:59 PM,13h 28m 56s
163,04/29/2022,05:58:01 AM,07:28:45 PM,13h 30m 44s
164,04/30/2022,05:57:00 AM,07:29:31 PM,13h 32m 31s
165,05/01/2022,05:56:00 AM,07:30:18 PM,13h 34m 18s
166,05/02/2022,05:55:02 AM,07:31:04 PM,13h 36m 2s
167,05/03/2022,05:54:04 AM,07:31:50 PM,13h 37m 46s
168,05/04/2022,05:53:07 AM,07:32:37 PM,13h 39m 30s
169,05/05/2022,05:52:12 AM,07:33:23 PM,13h 41m 11s
170,05/06/2022,05:51:18 AM,07:34:09 PM,13h 42m 51s
171,05/07/2022,05:50:25 AM,07:34:55 PM,13h 44m 30s
172,05/08/2022,05:49:33 AM,07:35:41 PM,13h 46m 8s
173,05/09/2022,05:48:43 AM,07:36:27 PM,13h 47m 44s
174,05/10/2022,05:47:54 AM,07:37:12 PM,13h 49m 18s
175,05/11/2022,05:47:06 AM,07:37:58 PM,13h 50m 52s
176,05/12/2022,05:46:20 AM,07:38:43 PM,13h 52m 23s
177,05/13/2022,05:45:35 AM,07:39:28 PM,13h 53m 53s
178,05/14/2022,05:44:51 AM,07:40:13 PM,13h 55m 22s
179,05/15/2022,05:44:09 AM,07:40:57 PM,13h 56m 48s
180,05/16/2022,05:43:28 AM,07:41:42 PM,13h 58m 14s
181,05/17/2022,05:42:49 AM,07:42:26 PM,13h 59m 37s
182,05/18/2022,05:42:11 AM,07:43:09 PM,14h 0m 58s
183,05/19/2022,05:41:34 AM,07:43:52 PM,14h 2m 18s
184,05/20/2022,05:41:00 AM,07:44:35 PM,14h 3m 35s
185,05/21/2022,05:40:26 AM,07:45:17 PM,14h 4m 51s
186,05/22/2022,05:39:54 AM,07:45:59 PM,14h 6m 5s
187,05/23/2022,05:39:24 AM,07:46:40 PM,14h 7m 16s
188,05/24/2022,05:38:55 AM,07:47:21 PM,14h 8m 26s
189,05/25/2022,05:38:28 AM,07:48:01 PM,14h 9m 33s
190,05/26/2022,05:38:02 AM,07:48:41 PM,14h 10m 39s
191,05/27/2022,05:37:38 AM,07:49:20 PM,14h 11m 42s
192,05/28/2022,05:37:15 AM,07:49:58 PM,14h 12m 43s
193,05/29/2022,05:36:54 AM,07:50:36 PM,14h 13m 42s
194,05/30/2022,05:36:35 AM,07:51:13 PM,14h 14m 38s
195,05/31/2022,05:36:17 AM,07:51:49 PM,14h 15m 32s
196,06/01/2022,05:36:00 AM,07:52:24 PM,14h 16m 24s
197,06/02/2022,05:35:46 AM,07:52:58 PM,14h 17m 12s
198,06/03/2022,05:35:33 AM,07:53:32 PM,14h 17m 59s
199,06/04/2022,05:35:21 AM,07:54:04 PM,14h 18m 43s
200,06/05/2022,05:35:11 AM,07:54:36 PM,14h 19m 25s
201,06/06/2022,05:35:03 AM,07:55:07 PM,14h 20m 4s
202,06/07/2022,05:34:56 AM,07:55:36 PM,14h 20m 40s
203,06/08/2022,05:34:51 AM,07:56:05 PM,14h 21m 14s
204,06/09/2022,05:34:48 AM,07:56:32 PM,14h 21m 44s
205,06/10/2022,05:34:46 AM,07:56:59 PM,14h 22m 13s
206,06/11/2022,05:34:45 AM,07:57:24 PM,14h 22m 39s
207,06/12/2022,05:34:46 AM,07:57:48 PM,14h 23m 2s
208,06/13/2022,05:34:49 AM,07:58:10 PM,14h 23m 21s
209,06/14/2022,05:34:53 AM,07:58:32 PM,14h 23m 39s
210,06/15/2022,05:34:58 AM,07:58:52 PM,14h 23m 54s
211,06/16/2022,05:35:06 AM,07:59:11 PM,14h 24m 5s
212,06/17/2022,05:35:14 AM,07:59:29 PM,14h 24m 15s
213,06/18/2022,05:35:24 AM,07:59:45 PM,14h 24m 21s
214,06/19/2022,05:35:35 AM,08:00:00 PM,14h 24m 25s
215,06/20/2022,05:35:48 AM,08:00:13 PM,14h 24m 25s
216,06/21/2022,05:36:02 AM,08:00:25 PM,14h 24m 23s
217,06/22/2022,05:36:17 AM,08:00:36 PM,14h 24m 19s
218,06/23/2022,05:36:34 AM,08:00:45 PM,14h 24m 11s
219,06/24/2022,05:36:52 AM,08:00:52 PM,14h 24m 0s
220,06/25/2022,05:37:11 AM,08:00:58 PM,14h 23m 47s
221,06/26/2022,05:37:32 AM,08:01:03 PM,14h 23m 31s
222,06/27/2022,05:37:54 AM,08:01:06 PM,14h 23m 12s
223,06/28/2022,05:38:16 AM,08:01:07 PM,14h 22m 51s
224,06/29/2022,05:38:40 AM,08:01:07 PM,14h 22m 27s
225,06/30/2022,05:39:05 AM,08:01:05 PM,14h 22m 0s
226,07/01/2022,05:39:32 AM,08:01:02 PM,14h 21m 30s
227,07/02/2022,05:39:59 AM,08:00:57 PM,14h 20m 58s
228,07/03/2022,05:40:27 AM,08:00:50 PM,14h 20m 23s
229,07/04/2022,05:40:56 AM,08:00:42 PM,14h 19m 46s
230,07/05/2022,05:41:26 AM,08:00:32 PM,14h 19m 6s
231,07/06/2022,05:41:57 AM,08:00:21 PM,14h 18m 24s
232,07/07/2022,05:42:29 AM,08:00:08 PM,14h 17m 39s
233,07/08/2022,05:43:02 AM,07:59:53 PM,14h 16m 51s
234,07/09/2022,05:43:35 AM,07:59:36 PM,14h 16m 1s
235,07/10/2022,05:44:09 AM,07:59:18 PM,14h 15m 9s
236,07/11/2022,05:44:44 AM,07:58:59 PM,14h 14m 15s
237,07/12/2022,05:45:20 AM,07:58:37 PM,14h 13m 17s
238,07/13/2022,05:45:56 AM,07:58:14 PM,14h 12m 18s
239,07/14/2022,05:46:33 AM,07:57:50 PM,14h 11m 17s
240,07/15/2022,05:47:11 AM,07:57:24 PM,14h 10m 13s
241,07/16/2022,05:47:49 AM,07:56:56 PM,14h 9m 7s
242,07/17/2022,05:48:27 AM,07:56:27 PM,14h 8m 0s
243,07/18/2022,05:49:06 AM,07:55:56 PM,14h 6m 50s
244,07/19/2022,05:49:46 AM,07:55:23 PM,14h 5m 37s
245,07/20/2022,05:50:26 AM,07:54:49 PM,14h 4m 23s
246,07/21/2022,05:51:06 AM,07:54:14 PM,14h 3m 8s
247,07/22/2022,05:51:47 AM,07:53:37 PM,14h 1m 50s
248,07/23/2022,05:52:28 AM,07:52:58 PM,14h 0m 30s
249,07/24/2022,05:53:09 AM,07:52:18 PM,13h 59m 9s
250,07/25/2022,05:53:51 AM,07:51:37 PM,13h 57m 46s
251,07/26/2022,05:54:33 AM,07:50:54 PM,13h 56m 21s
252,07/27/2022,05:55:15 AM,07:50:09 PM,13h 54m 54s
253,07/28/2022,05:55:57 AM,07:49:23 PM,13h 53m 26s
254,07/29/2022,05:56:40 AM,07:48:36 PM,13h 51m 56s
255,07/30/2022,05:57:22 AM,07:47:48 PM,13h 50m 26s
256,07/31/2022,05:58:05 AM,07:46:58 PM,13h 48m 53s
257,08/01/2022,05:58:48 AM,07:46:06 PM,13h 47m 18s
258,08/02/2022,05:59:31 AM,07:45:14 PM,13h 45m 43s
259,08/03/2022,06:00:14 AM,07:44:20 PM,13h 44m 6s
260,08/04/2022,06:00:57 AM,07:43:25 PM,13h 42m 28s
261,08/05/2022,06:01:40 AM,07:42:29 PM,13h 40m 49s
262,08/06/2022,06:02:23 AM,07:41:31 PM,13h 39m 8s
263,08/07/2022,06:03:06 AM,07:40:32 PM,13h 37m 26s
264,08/08/2022,06:03:50 AM,07:39:32 PM,13h 35m 42s
265,08/09/2022,06:04:33 AM,07:38:31 PM,13h 33m 58s
266,08/10/2022,06:05:16 AM,07:37:29 PM,13h 32m 13s
267,08/11/2022,06:05:59 AM,07:36:26 PM,13h 30m 27s
268,08/12/2022,06:06:42 AM,07:35:22 PM,13h 28m 40s
269,08/13/2022,06:07:25 AM,07:34:17 PM,13h 26m 52s
270,08/14/2022,06:08:08 AM,07:33:10 PM,13h 25m 2s
271,08/15/2022,06:08:50 AM,07:32:03 PM,13h 23m 13s
272,08/16/2022,06:09:33 AM,07:30:55 PM,13h 21m 22s
273,08/17/2022,06:10:16 AM,07:29:46 PM,13h 19m 30s
274,08/18/2022,06:10:58 AM,07:28:36 PM,13h 17m 38s
275,08/19/2022,06:11:40 AM,07:27:25 PM,13h 15m 45s
276,08/20/2022,06:12:23 AM,07:26:13 PM,13h 13m 50s
277,08/21/2022,06:13:05 AM,07:25:01 PM,13h 11m 56s
278,08/22/2022,06:13:47 AM,07:23:47 PM,13h 10m 0s
279,08/23/2022,06:14:29 AM,07:22:33 PM,13h 8m 4s
280,08/24/2022,06:15:11 AM,07:21:18 PM,13h 6m 7s
281,08/25/2022,06:15:52 AM,07:20:03 PM,13h 4m 11s
282,08/26/2022,06:16:34 AM,07:18:47 PM,13h 2m 13s
283,08/27/2022,06:17:16 AM,07:17:30 PM,13h 0m 14s
284,08/28/2022,06:17:57 AM,07:16:13 PM,12h 58m 16s
285,08/29/2022,06:18:38 AM,07:14:54 PM,12h 56m 16s
286,08/30/2022,06:19:20 AM,07:13:36 PM,12h 54m 16s
287,08/31/2022,06:20:01 AM,07:12:17 PM,12h 52m 16s
288,09/01/2022,06:20:42 AM,07:10:57 PM,12h 50m 15s
289,09/02/2022,06:21:23 AM,07:09:37 PM,12h 48m 14s
290,09/03/2022,06:22:04 AM,07:08:17 PM,12h 46m 13s
291,09/04/2022,06:22:45 AM,07:06:56 PM,12h 44m 11s
292,09/05/2022,06:23:25 AM,07:05:34 PM,12h 42m 9s
293,09/06/2022,06:24:06 AM,07:04:13 PM,12h 40m 7s
294,09/07/2022,06:24:47 AM,07:02:51 PM,12h 38m 4s
295,09/08/2022,06:25:28 AM,07:01:28 PM,12h 36m 0s
296,09/09/2022,06:26:08 AM,07:00:06 PM,12h 33m 58s
297,09/10/2022,06:26:49 AM,06:58:43 PM,12h 31m 54s
298,09/11/2022,06:27:30 AM,06:57:20 PM,12h 29m 50s
299,09/12/2022,06:28:10 AM,06:55:56 PM,12h 27m 46s
300,09/13/2022,06:28:51 AM,06:54:33 PM,12h 25m 42s
301,09/14/2022,06:29:32 AM,06:53:09 PM,12h 23m 37s
302,09/15/2022,06:30:13 AM,06:51:46 PM,12h 21m 33s
303,09/16/2022,06:30:54 AM,06:50:22 PM,12h 19m 28s
304,09/17/2022,06:31:35 AM,06:48:58 PM,12h 17m 23s
305,09/18/2022,06:32:16 AM,06:47:34 PM,12h 15m 18s
306,09/19/2022,06:32:57 AM,06:46:10 PM,12h 13m 13s
307,09/20/2022,06:33:38 AM,06:44:46 PM,12h 11m 8s
308,09/21/2022,06:34:19 AM,06:43:23 PM,12h 9m 4s
309,09/22/2022,06:35:01 AM,06:41:59 PM,12h 6m 58s
310,09/23/2022,06:35:43 AM,06:40:35 PM,12h 4m 52s
311,09/24/2022,06:36:24 AM,06:39:12 PM,12h 2m 48s
312,09/25/2022,06:37:06 AM,06:37:49 PM,12h 0m 43s
313,09/26/2022,06:37:49 AM,06:36:26 PM,11h 58m 37s
314,09/27/2022,06:38:31 AM,06:35:03 PM,11h 56m 32s
315,09/28/2022,06:39:13 AM,06:33:40 PM,11h 54m 27s
316,09/29/2022,06:39:56 AM,06:32:18 PM,11h 52m 22s
317,09/30/2022,06:40:39 AM,06:30:56 PM,11h 50m 17s
318,10/01/2022,06:41:22 AM,06:29:35 PM,11h 48m 13s
319,10/02/2022,06:42:06 AM,06:28:14 PM,11h 46m 8s
320,10/03/2022,06:42:50 AM,06:26:53 PM,11h 44m 3s
321,10/04/2022,06:43:34 AM,06:25:32 PM,11h 41m 58s
322,10/05/2022,06:44:18 AM,06:24:13 PM,11h 39m 55s
323,10/06/2022,06:45:03 AM,06:22:53 PM,11h 37m 50s
324,10/07/2022,06:45:48 AM,06:21:34 PM,11h 35m 46s
325,10/08/2022,06:46:33 AM,06:20:16 PM,11h 33m 43s
326,10/09/2022,06:47:18 AM,06:18:58 PM,11h 31m 40s
327,10/10/2022,06:48:04 AM,06:17:41 PM,11h 29m 37s
328,10/11/2022,06:48:51 AM,06:16:25 PM,11h 27m 34s
329,10/12/2022,06:49:37 AM,06:15:09 PM,11h 25m 32s
330,10/13/2022,06:50:24 AM,06:13:54 PM,11h 23m 30s
331,10/14/2022,06:51:11 AM,06:12:40 PM,11h 21m 29s
332,10/15/2022,06:51:59 AM,06:11:26 PM,11h 19m 27s
333,10/16/2022,06:52:47 AM,06:10:13 PM,11h 17m 26s
334,10/17/2022,06:53:35 AM,06:09:01 PM,11h 15m 26s
335,10/18/2022,06:54:24 AM,06:07:50 PM,11h 13m 26s
336,10/19/2022,06:55:13 AM,06:06:40 PM,11h 11m 27s
337,10/20/2022,06:56:03 AM,06:05:31 PM,11h 9m 28s
338,10/21/2022,06:56:53 AM,06:04:23 PM,11h 7m 30s
339,10/22/2022,06:57:43 AM,06:03:15 PM,11h 5m 32s
340,10/23/2022,06:58:33 AM,06:02:09 PM,11h 3m 36s
341,10/24/2022,06:59:24 AM,06:01:04 PM,11h 1m 40s
342,10/25/2022,07:00:16 AM,06:00:00 PM,10h 59m 44s
343,10/26/2022,07:01:07 AM,05:58:57 PM,10h 57m 50s
344,10/27/2022,07:02:00 AM,05:57:55 PM,10h 55m 55s
345,10/28/2022,07:02:52 AM,05:56:54 PM,10h 54m 2s
346,10/29/2022,07:03:45 AM,05:55:54 PM,10h 52m 9s
347,10/30/2022,07:04:38 AM,05:54:56 PM,10h 50m 18s
348,10/31/2022,07:05:31 AM,05:53:59 PM,10h 48m 28s
349,11/01/2022,07:06:25 AM,05:53:03 PM,10h 46m 38s
350,11/02/2022,07:07:19 AM,05:52:09 PM,10h 44m 50s
351,11/03/2022,07:08:13 AM,05:51:16 PM,10h 43m 3s
352,11/04/2022,07:09:08 AM,05:50:24 PM,10h 41m 16s
353,11/05/2022,07:10:03 AM,05:49:34 PM,10h 39m 31s
354,11/06/2022,06:11:00 AM,04:48:43 PM,10h 37m 43s
355,11/07/2022,06:11:56 AM,04:47:56 PM,10h 36m 0s
356,11/08/2022,06:12:51 AM,04:47:10 PM,10h 34m 19s
357,11/09/2022,06:13:47 AM,04:46:25 PM,10h 32m 38s
358,11/10/2022,06:14:43 AM,04:45:43 PM,10h 31m 0s
359,11/11/2022,06:15:39 AM,04:45:01 PM,10h 29m 22s
360,11/12/2022,06:16:35 AM,04:44:22 PM,10h 27m 47s
361,11/13/2022,06:17:31 AM,04:43:44 PM,10h 26m 13s
362,11/14/2022,06:18:27 AM,04:43:07 PM,10h 24m 40s
363,11/15/2022,06:19:23 AM,04:42:33 PM,10h 23m 10s
364,11/16/2022,06:20:19 AM,04:42:00 PM,10h 21m 41s
365,11/17/2022,06:21:15 AM,04:41:29 PM,10h 20m 14s
366,11/18/2022,06:22:11 AM,04:40:59 PM,10h 18m 48s
367,11/19/2022,06:23:07 AM,04:40:31 PM,10h 17m 24s
368,11/20/2022,06:24:03 AM,04:40:05 PM,10h 16m 2s
369,11/21/2022,06:24:59 AM,04:39:41 PM,10h 14m 42s
370,11/22/2022,06:25:54 AM,04:39:19 PM,10h 13m 25s
371,11/23/2022,06:26:49 AM,04:38:58 PM,10h 12m 9s
372,11/24/2022,06:27:44 AM,04:38:39 PM,10h 10m 55s
373,11/25/2022,06:28:38 AM,04:38:22 PM,10h 9m 44s
374,11/26/2022,06:29:32 AM,04:38:07 PM,10h 8m 35s
375,11/27/2022,06:30:26 AM,04:37:54 PM,10h 7m 28s
376,11/28/2022,06:31:19 AM,04:37:43 PM,10h 6m 24s
377,11/29/2022,06:32:11 AM,04:37:34 PM,10h 5m 23s
378,11/30/2022,06:33:03 AM,04:37:26 PM,10h 4m 23s
379,12/01/2022,06:33:55 AM,04:37:20 PM,10h 3m 25s
380,12/02/2022,06:34:46 AM,04:37:17 PM,10h 2m 31s
381,12/03/2022,06:35:36 AM,04:37:15 PM,10h 1m 39s
382,12/04/2022,06:36:25 AM,04:37:15 PM,10h 0m 50s
383,12/05/2022,06:37:13 AM,04:37:17 PM,10h 0m 4s
384,12/06/2022,06:38:01 AM,04:37:21 PM,9h 59m 20s
385,12/07/2022,06:38:47 AM,04:37:27 PM,9h 58m 40s
386,12/08/2022,06:39:33 AM,04:37:34 PM,9h 58m 1s
387,12/09/2022,06:40:18 AM,04:37:44 PM,9h 57m 26s
388,12/10/2022,06:41:02 AM,04:37:55 PM,9h 56m 53s
389,12/11/2022,06:41:44 AM,04:38:08 PM,9h 56m 24s
390,12/12/2022,06:42:26 AM,04:38:23 PM,9h 55m 57s
391,12/13/2022,06:43:06 AM,04:38:40 PM,9h 55m 34s
392,12/14/2022,06:43:45 AM,04:38:58 PM,9h 55m 13s
393,12/15/2022,06:44:23 AM,04:39:19 PM,9h 54m 56s
394,12/16/2022,06:45:00 AM,04:39:41 PM,9h 54m 41s
395,12/17/2022,06:45:35 AM,04:40:04 PM,9h 54m 29s
396,12/18/2022,06:46:09 AM,04:40:30 PM,9h 54m 21s
397,12/19/2022,06:46:41 AM,04:40:57 PM,9h 54m 16s
398,12/20/2022,06:47:12 AM,04:41:25 PM,9h 54m 13s
399,12/21/2022,06:47:41 AM,04:41:56 PM,9h 54m 15s
400,12/22/2022,06:48:09 AM,04:42:28 PM,9h 54m 19s
401,12/23/2022,06:48:35 AM,04:43:01 PM,9h 54m 26s
402,12/24/2022,06:49:00 AM,04:43:36 PM,9h 54m 36s
403,12/25/2022,06:49:23 AM,04:44:12 PM,9h 54m 49s
404,12/26/2022,06:49:45 AM,04:44:49 PM,9h 55m 4s
405,12/27/2022,06:50:05 AM,04:45:28 PM,9h 55m 23s
406,12/28/2022,06:50:23 AM,04:46:09 PM,9h 55m 46s
407,12/29/2022,06:50:39 AM,04:46:50 PM,9h 56m 11s
408,12/30/2022,06:50:54 AM,04:47:33 PM,9h 56m 39s
409,12/31/2022,06:51:06 AM,04:48:17 PM,9h 57m 11s
