,Date,Sunrise,Sunset,Daylength
0,11/17/2021,06:21:29 AM,04:41:21 PM,10h 19m 52s
1,11/18/2021,06:22:25 AM,04:40:52 PM,10h 18m 27s
2,11/19/2021,06:23:21 AM,04:40:25 PM,10h 17m 4s
3,11/20/2021,06:24:17 AM,04:39:59 PM,10h 15m 42s
4,11/21/2021,06:25:12 AM,04:39:35 PM,10h 14m 23s
5,11/22/2021,06:26:08 AM,04:39:14 PM,10h 13m 6s
6,11/23/2021,06:27:03 AM,04:38:53 PM,10h 11m 50s
7,11/24/2021,06:27:57 AM,04:38:35 PM,10h 10m 38s
8,11/25/2021,06:28:52 AM,04:38:19 PM,10h 9m 27s
9,11/26/2021,06:29:45 AM,04:38:04 PM,10h 8m 19s
10,11/27/2021,06:30:39 AM,04:37:51 PM,10h 7m 12s
11,11/28/2021,06:31:32 AM,04:37:41 PM,10h 6m 9s
12,11/29/2021,06:32:24 AM,04:37:32 PM,10h 5m 8s
13,11/30/2021,06:33:16 AM,04:37:25 PM,10h 4m 9s
14,12/01/2021,06:34:07 AM,04:37:19 PM,10h 3m 12s
15,12/02/2021,06:34:58 AM,04:37:16 PM,10h 2m 18s
16,12/03/2021,06:35:48 AM,04:37:15 PM,10h 1m 27s
17,12/04/2021,06:36:37 AM,04:37:15 PM,10h 0m 38s
18,12/05/2021,06:37:25 AM,04:37:18 PM,9h 59m 53s
19,12/06/2021,06:38:12 AM,04:37:22 PM,9h 59m 10s
20,12/07/2021,06:38:59 AM,04:37:28 PM,9h 58m 29s
21,12/08/2021,06:39:44 AM,04:37:36 PM,9h 57m 52s
22,12/09/2021,06:40:29 AM,04:37:46 PM,9h 57m 17s
23,12/10/2021,06:41:12 AM,04:37:58 PM,9h 56m 46s
24,12/11/2021,06:41:55 AM,04:38:12 PM,9h 56m 17s
25,12/12/2021,06:42:36 AM,04:38:27 PM,9h 55m 51s
26,12/13/2021,06:43:16 AM,04:38:44 PM,9h 55m 28s
27,12/14/2021,06:43:55 AM,04:39:03 PM,9h 55m 8s
28,12/15/2021,06:44:32 AM,04:39:24 PM,9h 54m 52s
29,12/16/2021,06:45:08 AM,04:39:46 PM,9h 54m 38s
30,12/17/2021,06:45:43 AM,04:40:10 PM,9h 54m 27s
31,12/18/2021,06:46:17 AM,04:40:36 PM,9h 54m 19s
32,12/19/2021,06:46:49 AM,04:41:04 PM,9h 54m 15s
33,12/20/2021,06:47:19 AM,04:41:33 PM,9h 54m 14s
34,12/21/2021,06:47:48 AM,04:42:03 PM,9h 54m 15s
35,12/22/2021,06:48:16 AM,04:42:36 PM,9h 54m 20s
36,12/23/2021,06:48:42 AM,04:43:09 PM,9h 54m 27s
37,12/24/2021,06:49:06 AM,04:43:44 PM,9h 54m 38s
38,12/25/2021,06:49:29 AM,04:44:21 PM,9h 54m 52s
39,12/26/2021,06:49:50 AM,04:44:59 PM,9h 55m 9s
40,12/27/2021,06:50:09 AM,04:45:38 PM,9h 55m 29s
41,12/28/2021,06:50:27 AM,04:46:19 PM,9h 55m 52s
42,12/29/2021,06:50:43 AM,04:47:01 PM,9h 56m 18s
43,12/30/2021,06:50:57 AM,04:47:44 PM,9h 56m 47s
44,12/31/2021,06:51:09 AM,04:48:28 PM,9h 57m 19s